StoreName,City,Phone,Map
Yusuf Sarai,New Delhi,+917838225457,"https://www.google.com/maps/search/?api=1&query=28.559729,77.206836&query_place_id=ChIJaYeX-yvjDDkRKvis4Jguhqo"
Kolathur,Chennai,+919319359741,"https://www.google.com/maps/search/?api=1&query=13.12372344,80.20312863&query_place_id=ChIJJXY4pNRlUjoRxCMUY7UnUq0"
Bawadi Mall,Abu Dhabi,+91502772132,"https://www.google.com/maps/search/?api=1&query=24.16024,55.80718&query_place_id=ChIJSSrJz4K5ij4RMDoRlXf8yiE"
Adoni,Adoni,+918447925965,"https://www.google.com/maps/search/?api=1&query=15.630210,77.286508&query_place_id=ChIJ35XZMNtPtjsR_2c2fczSX3M"
Anakapalle,Anakapalle,+917290022123,"https://www.google.com/maps/search/?api=1&query=17.6895411,83.0020443&query_place_id=ChIJSR3uelVxOToR5YMh06WqDkM"
"RTC Bus Stand Road, Anantapur",Anantapur,+917428890257,"https://www.google.com/maps/search/?api=1&query=14.68345,77.60147&query_place_id=ChIJYVTjL9pKsTsR5n0w2FzUaFg"
Bhimavaram,Bhimavaram,+919810734735,"https://www.google.com/maps/search/?api=1&query=16.543828,81.515394&query_place_id=ChIJDdw9ihEtNjoRLnIgNlS9gLI"
Eluru,Eluru,+919319369743,"https://www.google.com/maps/search/?api=1&query=16.71212,81.09762&query_place_id=ChIJCVujbFIVNjoRQixDZ-RJuLI"
Lakshmipuram,Guntur,+917428890224,"https://www.google.com/maps/search/?api=1&query=16.31167,80.426292&query_place_id=ChIJV9KTRgevJzoREFe-V063W2U"
Kadapa,Kadapa,+918929310236,"https://www.google.com/maps/search/?api=1&query=14.4016908,78.2537173&query_place_id=ChIJHyX_D7xzszsRt-Nn5Bqro-k"
Kakinada,Kakinada,+918447732252,"https://www.google.com/maps/search/?api=1&query=16.952192,82.234152&query_place_id=ChIJPfaRKXZLsTsRpWB13vF71HY"
Kavali,Kavali,+918929162485,"https://www.google.com/maps/search/?api=1&query=14.9085,79.9927&query_place_id=ChIJy2Udx4x7SzoRdC9-sJ_1a3M"
Nandyal Road Kurnool,Kurnool,+919667268269,"https://www.google.com/maps/search/?api=1&query=15.80354,78.0462&query_place_id=ChIJ8Y-xWw3dtTsRmMqRsnUq5GE"
Madanapalle,Madanapalle,+918929270379,"https://www.google.com/maps/search/?api=1&query=13.557668,78.500075&query_place_id=ChIJ3baVo8RnsjsRs20Ij9WOxW0"
TTD Road Nandyal,Nandyal,+919667274275,"https://www.google.com/maps/search/?api=1&query=15.4832,78.4846&query_place_id=ChIJl-FHqyOttTsRaJoJjAubW6M"
Vedayapalam,Nellore,+919582551541,"https://www.google.com/maps/search/?api=1&query=14.409863,79.955505&query_place_id=ChIJrS43CP7zTDoRTf-1ZXFdexM"
Ongole,Ongole,+918929083596,"https://www.google.com/maps/search/?api=1&query=15.51501,80.03719&query_place_id=ChIJKxzpo2YBSzoRPEU3loRVI0A"
Proddatur,Proddatur,+918447835812,"https://www.google.com/maps/search/?api=1&query=14.7517218,78.5483961&query_place_id=ChIJz9KSiHl5tDsRHP2nKnnrw2M"
Tilak Road,Rajahmundry,+917428890158,"https://www.google.com/maps/search/?api=1&query=17.002764,81.794926&query_place_id=ChIJmyIAwJKjNzoRgLTTpKWYKQA"
Satyanarayanapuram,Satyanarayanapuram,+917065311596,"https://www.google.com/maps/search/?api=1&query=16.526118,80.638908&query_place_id=ChIJ9bJwYxPlNToRuIDQoRAjtQc"
Tenali,Tenali,+918588807298,"https://www.google.com/maps/search/?api=1&query=16.233189,80.650641&query_place_id=ChIJ2eJj6RAHSjoRZ-WgLR4PjBY"
Tirumala Bypass Tirupati,Tirupati,+918774005645,"https://www.google.com/maps/search/?api=1&query=13.643306,79.427505&query_place_id=ChIJJZftpnNLTToROj7EYsmrU3E"
Tadepalle Vijayawada,Vijayawada,+919643806942,"https://www.google.com/maps/search/?api=1&query=16.473877,80.61525&query_place_id=ChIJo457RQDxNToReqOJ5xVU5zk"
Sujathanagar,Visakhapatnam,+917291823867,"https://www.google.com/maps/search/?api=1&query=17.801374,83.210041&query_place_id=ChIJs6XkfAxnOToRBJSi92PSQrc"
Vizianagaram,Vizianagaram,+919319374906,"https://www.google.com/maps/search/?api=1&query=18.1026832,83.4124340&query_place_id=ChIJ_2Zi-YXlOzoRbSiw6VTvMFM"
Test Store,andmaan,+918810365729,"https://www.google.com/maps/search/?api=1&query=22.855453,88.746752&query_place_id=ChIJ_wZ2IQCz-DkRyBPecKKE-3g"
Naharlagun,Naharlagun,+918929157897,"https://www.google.com/maps/search/?api=1&query=27.10839,93.698576&query_place_id=ChIJVaheD7ABRDcRiN_pC8aI2_0"
Baihata Chariali,Baihata Chariali,+917065045104,"https://www.google.com/maps/search/?api=1&query=26.34555,91.72654&query_place_id=ChIJUSL0uRRTWjcRNN8L3bXsewE"
Chapaguri,Bongaigaon,+919582340673,"https://www.google.com/maps/search/?api=1&query=26.48997342,90.55136191&query_place_id=ChIJ7yZzvOL_WDcRZ6yWdocYpgg"
Dibrugarh,Dibrugarh,+919582892445,"https://www.google.com/maps/search/?api=1&query=27.4822725,94.9072243&query_place_id=ChIJxx68WreZQDcR0YMwdgF1oXY"
Flagship Store Lachitnagar,Guwahati,+917303261262,"https://www.google.com/maps/search/?api=1&query=26.171393,91.761651&query_place_id=ChIJeyWMjvFZWjcRAS1I1DQtIY8"
Jorhat,Jorhat,+919667242243,"https://www.google.com/maps/search/?api=1&query=26.757675,94.21489&query_place_id=ChIJw33ny7zDRjcRcKKZ-2ny9V4"
Kokrajhar,Kokrajhar,+919643803629,"https://www.google.com/maps/search/?api=1&query=26.413728,90.276137&query_place_id=ChIJXVMXpENhWDcRtLLoxwlkoPI"
Marwaripatty,Nagaon,+917428890188,"https://www.google.com/maps/search/?api=1&query=26.35199,92.686867&query_place_id=ChIJ-ROrqi4hRTcRkH3HMPwLfyQ"
Nalbari,Nalbari,+918743820575,"https://www.google.com/maps/search/?api=1&query=26.447095582019827,91.43296813741567&query_place_id=ChIJdyMD9KDNWzcR_Wa9LWX8A8A"
Silchar,Silchar,+918929335947,"https://www.google.com/maps/search/?api=1&query=24.807642,92.795585&query_place_id=ChIJ4U8jbQVLTjcRlSvzOpWgAhc"
AT Road Sivasagar,Sivasagar,+919953832735,"https://www.google.com/maps/search/?api=1&query=26.991216,94.640865&query_place_id=ChIJn5DQa0wxRzcRSIbplM1soUk"
Tezpur,Tezpur,+919582516764,"https://www.google.com/maps/search/?api=1&query=26.622606,92.796714&query_place_id=ChIJ99-41BvpRDcRHBWW4de0ObQ"
Tinsukia,Tinsukia,+919811031027,"https://www.google.com/maps/search/?api=1&query=27.491933414669834,95.35044700862939&query_place_id=ChIJw87dpnxrPzcR6Lf-eeY7rb8"
Arrah,Arrah,+918929100813,"https://www.google.com/maps/search/?api=1&query=25.5524014,84.6550216&query_place_id=ChIJbeZKHIlfjTkRMk9KLNX2B7A"
Usmanpura,Aurangabad,+918376801264,"https://www.google.com/maps/search/?api=1&query=19.870302,75.327881&query_place_id=ChIJn-3VKgGZ2zsR5iVrdOKbah8"
Bettiah,Bettiah,+918447745709,"https://www.google.com/maps/search/?api=1&query=26.808354,84.506529&query_place_id=ChIJCR0mpRVvkzkR2RADh-__b0Q"
Khaliphabag Chowk,Bhagalpur,+917428890293,"https://www.google.com/maps/search/?api=1&query=25.24642,86.975242&query_place_id=ChIJHbbgXntL8DkR2UR10Uliznw"
Buxar,Buxar,+918929334374,"https://www.google.com/maps/search/?api=1&query=25.575649,83.976926&query_place_id=ChIJ_REWIXR1kjkRnyjOwlsIYBg"
Motihari,Champaran,+917303743744,"https://www.google.com/maps/search/?api=1&query=26.649378,84.926768&query_place_id=ChIJKwMOzF01kzkRUfYNH1QLUA0"
Mirzapur,Darbhanga,+919582370306,"https://www.google.com/maps/search/?api=1&query=26.152734,85.897081&query_place_id=ChIJAwyF4Se57TkRggS4FpdIV48"
Gaya Bihar,Gaya,+919643855328,"https://www.google.com/maps/search/?api=1&query=24.790981,85.007731&query_place_id=ChIJkUud54Ur8zkR9edofpMYhNE"
Hajipur,Hajipur,+919625530530,"https://www.google.com/maps/search/?api=1&query=25.696636,85.213903&query_place_id=ChIJg3lczhJd7TkRU7nvRtn51qQ"
Jamui,Jamui,+918744060205,"https://www.google.com/maps/search/?api=1&query=24.916147,86.226063&query_place_id=ChIJGT5NEmUr8jkRmv9IHwy27Kw"
"Club Road, Muzaffarpur",Muzaffarpur,+917428890274,"https://www.google.com/maps/search/?api=1&query=26.10919,85.3963125&query_place_id=ChIJFZcV1eUR7TkR63FExcqkrgY"
West Boring Canal Road,Patna,+917428890080,"https://www.google.com/maps/search/?api=1&query=25.61439,85.1195574&query_place_id=ChIJw7c9VDpY7TkRBJ78PiheMp4"
RN Shaw Chowk,Purnia,+917428890223,"https://www.google.com/maps/search/?api=1&query=25.77119,87.472868&query_place_id=ChIJM-yeKm757zkRRyJp0sqYStg"
Samastipur,Samastipur,+918929170401,"https://www.google.com/maps/search/?api=1&query=25.854290,85.774891&query_place_id=ChIJj1vQbgOR7TkRZ3V6NpmlBO4"
Kanathur,Kanathur,+918929347327,"https://www.google.com/maps/search/?api=1&query=12.853453,80.241261&query_place_id=ChIJ-Vl9atNlUjoREtBG355JYZk"
Ambikapur,Ambikapur,+918929181538,"https://www.google.com/maps/search/?api=1&query=23.12501564,83.19380963&query_place_id=ChIJD4DEv1yjiTkRq2pUixlkAEw"
Supela,Bhilai,+917428890084,"https://www.google.com/maps/search/?api=1&query=21.2047563,81.3475042&query_place_id=ChIJqxSUKSgjKToR1e6b9fXaHrE"
Sarkanda,Bilaspur,+917291990473,"https://www.google.com/maps/search/?api=1&query=22.097778,82.158056&query_place_id=ChIJg08OjzELKDoRIX4AobcdB1Y"
Korba,Korba,+918929173778,"https://www.google.com/maps/search/?api=1&query=22.358665,82.708740&query_place_id=ChIJbTEClzSPJzoRRy8XqgzNokI"
Raigarh,Raigarh,+918447744647,"https://www.google.com/maps/search/?api=1&query=21.9049849,83.3921803&query_place_id=ChIJbcbUm1UlJzoRInpU6qgMb-k"
Telibandha,Raipur,+919711625907,"https://www.google.com/maps/search/?api=1&query=21.240598,81.661487&query_place_id=ChIJXRoHl0_dKDoRw5eYKUhPths"
Rajnandgaon,Rajnandgaon,+918929266392,"https://www.google.com/maps/search/?api=1&query=21.0920042,81.0197385&query_place_id=ChIJta6q79xFKToRTcHQqG110DQ"
Silvassa,Silvassa,+919667153154,"https://www.google.com/maps/search/?api=1&query=20.26466,73.004047&query_place_id=ChIJw2poRhLL4DsR6uV_NnOH3Ko"
"City Centre Al Zahia, Sharjah",Sharjah,+91505319722,"https://www.google.com/maps/search/?api=1&query=25.31569745,55.45391477&query_place_id=ChIJv01Zk79ZXz4RaHIQSD5PmB8"
Dabolim,Dabolim,+918929176484,"https://www.google.com/maps/search/?api=1&query=15.3865775,73.8443944&query_place_id=ChIJAdo2lvW5vzsRmBNP7a0yxX4"
Sanquelim,Goa,+919654953797,"https://www.google.com/maps/search/?api=1&query=15.56145,74.012926&query_place_id=ChIJLyKcWgC9vzsR7u3TaeRzuxg"
Mapusa Bata,Mapusa,+919582240759,"https://www.google.com/maps/search/?api=1&query=15.5892200,73.8120830&query_place_id=ChIJH_zlfQDrvzsRBjVL_ol76XQ"
Margao Goa,Margao,+919582813692,"https://www.google.com/maps/search/?api=1&query=15.287333,73.955083&query_place_id=ChIJW6TLCwCxvzsRNqJtOQ70_Eo"
Westside Madgaon,Margoa,+919582922851,"https://www.google.com/maps/search/?api=1&query=15.521198,73.977247&query_place_id=ChIJKcIMFWWzvzsRbWDehtvstd8"
Panaji,Panaji,+917428891377,"https://www.google.com/maps/search/?api=1&query=15.4901408,73.8200092&query_place_id=ChIJtVcQq_7BvzsRVglFCczPpVo"
Vastrapur,Ahmedabad,+918929167903,"https://www.google.com/maps/search/?api=1&query=23.044327,72.529674&query_place_id=ChIJHTky03uFXjkR6gZU_nTRxRY"
Anand Gujarat,Anand,+919643711455,"https://www.google.com/maps/search/?api=1&query=22.55208,72.939506&query_place_id=ChIJCUgi5WVPXjkRi6wvG6omWwI"
Valia Chokdi,Anklesvar,+918929440770,"https://www.google.com/maps/search/?api=1&query=21.6181415,73.0051817&query_place_id=ChIJAdxohLIj4DsRwuRweHut0XI"
Bharuch,Bharuch,+918826631368,"https://www.google.com/maps/search/?api=1&query=21.7018388,72.991736&query_place_id=ChIJQ0XpeNAn4DsRGYGyOxCTqgg"
Waghawadi Road,Bhavnagar,+918929642251,"https://www.google.com/maps/search/?api=1&query=21.765383,72.147848&query_place_id=ChIJt_KPOnRbXzkRB3lkUPjuinE"
Bhuj,Bhuj,+918929808415,"https://www.google.com/maps/search/?api=1&query=23.2454734,69.6740652&query_place_id=ChIJu_posEDhUDkRmcpmly88EyE"
Sector 16 Gandhinagar,Gandhinagar,+918929136914,"https://www.google.com/maps/search/?api=1&query=23.231189,72.649112&query_place_id=ChIJz0TE4YsrXDkRB89Pf4x_URU"
Himmatnagar,Himmatnagar,+917065045203,"https://www.google.com/maps/search/?api=1&query=23.586191,72.970520&query_place_id=ChIJG4awC4i5XTkRlp4OcoWuzUs"
Jamnagar,Jamnagar,+918929213223,"https://www.google.com/maps/search/?api=1&query=22.479095,70.062645&query_place_id=ChIJowSOwZprVzkRx8YnBOHE0oM"
Junagadh,Junagadh,+919643420312,"https://www.google.com/maps/search/?api=1&query=22.4156,70.725&query_place_id=ChIJW2vO0g8BWDkRyciUiW7c11w"
Kalol,Kalol,+919811039574,"https://www.google.com/maps/search/?api=1&query=23.2303454,72.4901514&query_place_id=ChIJ2y42cfQlXDkRtFM05MkRhy4"
Mehsana Radhanpur,Mehsana,+917042193194,"https://www.google.com/maps/search/?api=1&query=23.616455,72.352749&query_place_id=ChIJoxwGhfNDXDkR6ZE6332yJAQ"
Nadiad,Nadiad,+918929435320,"https://www.google.com/maps/search/?api=1&query=22.676105,72.88164&query_place_id=ChIJe1UuVz9bXjkR_s8Lm3iQ5DU"
Station Road,Navsari,+917428890279,"https://www.google.com/maps/search/?api=1&query=20.95143,72.921033&query_place_id=ChIJw50IAUH34DsR7w9OBmPMIpk"
Palanpur,Palanpur,+917303933934,"https://www.google.com/maps/search/?api=1&query=24.179025,72.419646&query_place_id=ChIJIeW6fC_rXDkR3hZ3S3UFazM"
Patan,Patan,+918447614463,"https://www.google.com/maps/search/?api=1&query=23.8333,72.1167&query_place_id=ChIJn9hHP4GHXDkRrjdx8JrMqS0"
Yagnik Road,Rajkot,+918800774907,"https://www.google.com/maps/search/?api=1&query=22.2928147,70.789427&query_place_id=ChIJxTprVBzLWTkRoCioGil1auA"
Yogichowk,Surat,+917303174175,"https://www.google.com/maps/search/?api=1&query=21.213297,72.884552&query_place_id=ChIJvWifuK1P4DsRkQofypPWofo"
Waghodia,Vadodara,+917065286190,"https://www.google.com/maps/search/?api=1&query=22.300529,73.23052&query_place_id=ChIJ4-jUeAfFXzkRAmALrk_T7UU"
Valsad,Valsad,+918826001366,"https://www.google.com/maps/search/?api=1&query=20.6077102,72.92568914&query_place_id=ChIJMZD7XzLD4DsR_9WD_XiY-a0"
Phase 2 GIDC,Vapi,+919953637332,"https://www.google.com/maps/search/?api=1&query=20.36792,72.92538&query_place_id=ChIJxb1SlRjP4DsROKDdFFu19ws"
Chetakpuri,Chetakpuri,+918447907937,"https://www.google.com/maps/search/?api=1&query=26.201496,78.1722234&query_place_id=ChIJX4mti6vFdjkRlk_9y5Mzp0w"
Ambala,Ambala,+918447745051,"https://www.google.com/maps/search/?api=1&query=30.372002,76.784847&query_place_id=ChIJzxQ90B_JDzkR_VwDVlMV1M0"
Bahadurgh,Bahadurgarh,+919667248249,"https://www.google.com/maps/search/?api=1&query=28.69117,76.93234&query_place_id=ChIJSaoS7qsJDTkRwN7Uj4PWzco"
Sector 37,Faridabad,+919953811921,"https://www.google.com/maps/search/?api=1&query=28.48015106,77.30818714&query_place_id=ChIJh-cnDajnDDkRsHcOFxw0Afw"
Sushant Lok 1,Gurugram,+917428891143,"https://www.google.com/maps/search/?api=1&query=28.460347,77.0841291&query_place_id=ChIJ515PMqYZDTkRP4b4vnMN1pc"
Urban Estate,Hisar,+918447846048,"https://www.google.com/maps/search/?api=1&query=29.13498,75.74627&query_place_id=ChIJdUtkEOEzEjkRoIPP68LGThA"
Ambedkar Chowk,Karnal,+917428890220,"https://www.google.com/maps/search/?api=1&query=29.695227,76.9868177&query_place_id=ChIJV9KTRgevJzoR1f4Ud9aWzjE"
Kurukshetra,Kurukshetra,+918929859908,"https://www.google.com/maps/search/?api=1&query=29.980802,76.863253&query_place_id=ChIJs6DcYcdHDjkRo6paae2zQrI"
Palwal,Palwal,+918929142854,"https://www.google.com/maps/search/?api=1&query=28.13895,77.334934&query_place_id=ChIJv-T65o3TDDkRMs1e_h6DHCs"
Sector 8,Panchkula,+919643689383,"https://www.google.com/maps/search/?api=1&query=30.70005,76.8492&query_place_id=ChIJ99Sf_mZHDjkRq5NdkooUyj0"
Model Town,Panipat,+919821080302,"https://www.google.com/maps/search/?api=1&query=29.391493,76.956292&query_place_id=ChIJt6ku5kHbDTkRAtdVbHq6Z9w"
Rohtak,Rohtak,+919667273274,"https://www.google.com/maps/search/?api=1&query=28.89086892,76.60473505&query_place_id=ChIJsdBMTTeFDTkRz1aEsAj7oUs"
Mandi Dabwali,Sirsa,+919953968271,"https://www.google.com/maps/search/?api=1&query=29.96116594,74.70580209&query_place_id=ChIJeXYB0OrZFjkR6mua6BmgOSY"
Subhash Nagar,Sonipat,+919870523524,"https://www.google.com/maps/search/?api=1&query=28.98962,77.02032&query_place_id=ChIJ6TK19zixDTkRJoYW_gPhrDM"
Gandhi Nagar Chowk Sonipath,Sonipath,+919582633910,"https://www.google.com/maps/search/?api=1&query=28.9962234,77.0279936&query_place_id=ChIJ2w5PIHGxDTkRQZNqqDkjymA"
Model Town Yamuna Nagar,Yamuna Nagar,+918447803468,"https://www.google.com/maps/search/?api=1&query=30.139652,77.290233&query_place_id=ChIJe0cBBWD7DjkRvw0CF-MirYE"
"Big Bazaar Chowk, Sai Road, Baddi",Baddi,+918929597436,"https://www.google.com/maps/search/?api=1&query=30.935705,76.800280&query_place_id=ChIJXSUmmz_1DzkRk3mlqCFcRYI"
Kangra,Kangra,+917428890193,"https://www.google.com/maps/search/?api=1&query=32.10721621,76.27586965&query_place_id=ChIJOfILTiBPGzkRyGxL2LSP598"
Palampur,Palampur,+919971001357,"https://www.google.com/maps/search/?api=1&query=32.114061,76.535029&query_place_id=ChIJ-_EY3hazBDkRX8ZZ2kXkvMU"
Paonta Sahib,Sirmaur,+918447894653,"https://www.google.com/maps/search/?api=1&query=30.441691,77.611637&query_place_id=ChIJf8vZeiAjDzkRKRpmOI3iUu4"
Mall Road,Solan,+918447845295,"https://www.google.com/maps/search/?api=1&query=30.908348,77.096241&query_place_id=ChIJcy-8zbGHDzkRscQgdlElvqM"
Sundar Nagar,Sundar Nagar,+918929347552,"https://www.google.com/maps/search/?api=1&query=31.53297077,76.88873324&query_place_id=ChIJyUymMWoZBTkR9g_QqVqYCw8"
Una Nangal Road,Una,+919711452509,"https://www.google.com/maps/search/?api=1&query=31.462309,76.280271&query_place_id=ChIJp3RQmYvRGjkR3fpqf9iK328"
Boduppal,Rangareddy,+919899408896,"https://www.google.com/maps/search/?api=1&query=78.5851059,17.41543007&query_place_id=ChIJ5THfbwifyzsRWI8m11CR3Z8"
Lotte Shopping Avenue,Indonesia,+916285922413889,"https://www.google.com/maps/search/?api=1&query=-6.224700444,106.8235664&query_place_id=ChIJaUBcDETzaS4Rh0rnNrR_dHw"
Udhampur,Jammu,+918929337347,"https://www.google.com/maps/search/?api=1&query=32.931114,75.143321&query_place_id=ChIJQfb01NLTHTkRDlW1HJZvh44"
Srinagar Residency,Srinagar,+919953880635,"https://www.google.com/maps/search/?api=1&query=34.07264,74.816041&query_place_id=ChIJocfgW9KP4TgRzeYtN6PjG2k"
Sector 4 Bokaro,Bokaro,+919582390099,"https://www.google.com/maps/search/?api=1&query=23.667719,86.142232&query_place_id=ChIJK37VATUi9DkRyKg2L_d_-wc"
Shyamganj,Deoghar,+919643813896,"https://www.google.com/maps/search/?api=1&query=24.49008,86.694437&query_place_id=ChIJ6WEqpj8X8TkR_M4axx7naTY"
Nilanchal Colony,Dhanbad,+918447932982,"https://www.google.com/maps/search/?api=1&query=23.819321,85.512499&query_place_id=ChIJK1U9pL-P9DkRbL1goNiawwc"
Hazaribagh,Hazaribagh,+917428891097,"https://www.google.com/maps/search/?api=1&query=23.996275,85.358433&query_place_id=ChIJ08z-yRqd9DkRju6B8mF7hSE"
Sackhi,Jamshedpur,+919870357358,"https://www.google.com/maps/search/?api=1&query=22.80134,86.20638&query_place_id=ChIJS1goqTvj9TkRMlGgHQ-W0dQ"
Ramgarh,Ramgarh,+918447834529,"https://www.google.com/maps/search/?api=1&query=23.6362643,85.5127232&query_place_id=ChIJcXPC_JH19DkRt7FC8m0m1CM"
Mall Of Ranchi,Ranchi,+919582378913,"https://www.google.com/maps/search/?api=1&query=23.378676,85.31474&query_place_id=ChIJhZRdtuvf9DkRpvmFX-Xq95M"
Bagalkote,Bagalkote,+918448310311,"https://www.google.com/maps/search/?api=1&query=16.1844027,75.6989345&query_place_id=ChIJyxDkHxB5xzsRE1Qv3-M0Fxg"
Ballari,Ballari,+917428890262,"https://www.google.com/maps/search/?api=1&query=15.15188,76.92375&query_place_id=ChIJ5_cQ7esRtzsR9lTbjxGSVvA"
Nehru Nagar,Belagavi,+917291042630,"https://www.google.com/maps/search/?api=1&query=15.8811686,74.517057&query_place_id=ChIJFS7gf55hvzsR0LiTOnn-YWk"
Tilakwadi,Belgaum,+917428890256,"https://www.google.com/maps/search/?api=1&query=15.838002,74.507611&query_place_id=ChIJfdwD74RmvzsR2Tf57v6Nuak"
Yeshwanthpur,Bengaluru,+919582511370,"https://www.google.com/maps/search/?api=1&query=13.0234,77.55602&query_place_id=ChIJ_Z59O8s9rjsRmcDvipZHrWA"
Udgir Road,Bidar,+917303815816,"https://www.google.com/maps/search/?api=1&query=17.9217751,77.506446&query_place_id=ChIJ-cbvHkHHzjsRp4gbfg5aoEM"
Lingad Gudi Road,Bijapur,+917428890272,"https://www.google.com/maps/search/?api=1&query=16.843558,75.712142&query_place_id=ChIJpT_znn3_xjsRd_BzIdFUlIQ"
Chikkamagaluru,Chikkamagaluru,+919870562563,"https://www.google.com/maps/search/?api=1&query=13.317132,75.774353&query_place_id=ChIJXWSRi13XujsRyN9AZjauyxY"
Davanagere,Davanagere,+917428890175,"https://www.google.com/maps/search/?api=1&query=14.45894,75.9194375&query_place_id=ChIJ46IjaXQlujsRBXi9QwU-_3E"
Dharwad,Dharwad,+918929335375,"https://www.google.com/maps/search/?api=1&query=15.448369,75.011938&query_place_id=ChIJQzkVTpfTuDsRC9L4biAkkTc"
Gangavathi,Gangavathi,+918929337386,"https://www.google.com/maps/search/?api=1&query=15.428799,76.531461&query_place_id=ChIJJX7aqlSBtzsRQ9kHazN6iy8"
Gokak,Gokak,+918929261493,"https://www.google.com/maps/search/?api=1&query=16.167994,74.822003&query_place_id=ChIJW8YYEtSvwDsRbcuJubUOpdo"
Sedam Road Gulbarga,Gulbarga,+917065310968,"https://www.google.com/maps/search/?api=1&query=17.326637,76.855776&query_place_id=ChIJvSGOpnLHyDsRDI3Bbt3DhLA"
KR Puram,Hassan,+917303457458,"https://www.google.com/maps/search/?api=1&query=13.002994,76.106426&query_place_id=ChIJVWy5xdtJpTsRMC5cD-MZxW4"
Hospet,Hosapete,+919717781353,"https://www.google.com/maps/search/?api=1&query=15.275109,76.384011&query_place_id=ChIJ0Q8vxWnVuTsREJ1d-g5Z7EY"
Vidya Nagar,Hubballi,+919582580560,"https://www.google.com/maps/search/?api=1&query=15.35970485,75.12780334&query_place_id=ChIJN-PdifvXuDsRtcye1Qdrsjc"
Vidya Nagar,Hubli,+918929342563,"https://www.google.com/maps/search/?api=1&query=15.36241,75.118819&query_place_id=ChIJtwYmpWDXuDsRtlHuhqH3HpY"
Kuvempu Nagar,Kalaburagi,+917428890243,"https://www.google.com/maps/search/?api=1&query=17.32529,76.834053&query_place_id=ChIJlQqJLlPHyDsRBZuQ4MG6QtY"
Kolar,Kolar,+918929270250,"https://www.google.com/maps/search/?api=1&query=13.132733,78.132911&query_place_id=ChIJ5Yat6uLxrTsR_yqLqUVW0d8"
Mandya,Mandya,+919821080315,"https://www.google.com/maps/search/?api=1&query=12.527388,76.8957435&query_place_id=ChIJR5njbcChrzsRcoKm2RBjgVs"
Flagship Store Empire Mall,Mangalore,+917428890010,"https://www.google.com/maps/search/?api=1&query=12.879847,74.840406&query_place_id=ChIJI4rfcZhbozsRRPAYNU6Q770"
Surathkal,Mangaluru,+917291097439,"https://www.google.com/maps/search/?api=1&query=12.9778414,74.8035856&query_place_id=ChIJfy78w-1RozsRNOQLiHFqct8"
Manipal,Manipal,+918447818933,"https://www.google.com/maps/search/?api=1&query=13.3472343,74.7836516&query_place_id=ChIJ3TmEWyWlvDsRpNCQLGYMsSQ"
Mudhol,Mudhol,+918929337327,"https://www.google.com/maps/search/?api=1&query=16.33525,75.28475&query_place_id=ChIJ77OSNKtBxzsRYEQFSYw999U"
"Vijay Nagar, Mysuru",Mysuru,+919582554529,"https://www.google.com/maps/search/?api=1&query=12.321096,76.587711&query_place_id=ChIJNdRyCZ97rzsR9SYN0v1o96c"
Sindhanur,Raichur,+918929338697,"https://www.google.com/maps/search/?api=1&query=15.764034,76.755191&query_place_id=ChIJv4tlujHrtzsRtJ5dELXMsA4"
Savalanga Road,Shimoga,+917428890189,"https://www.google.com/maps/search/?api=1&query=13.94381,75.5740514&query_place_id=ChIJw8v7VFVVuDsRyN9ddeFbFyU"
BH Road Shivamogga,Shivamogga,+918742923170,"https://www.google.com/maps/search/?api=1&query=13.9295,75.57382&query_place_id=ChIJqZD_HXipuzsRoV4nFzX4ZZU"
Sirsi,Sirsi,+919311773738,"https://www.google.com/maps/search/?api=1&query=14.6222670,74.8352110&query_place_id=ChIJsSzeFzr_uzsRG0g5GF6rX0U"
SIT Tumkur,Tumkur,+918929344598,"https://www.google.com/maps/search/?api=1&query=13.328900,77.121735&query_place_id=ChIJe10X_OYtsDsRpJu7iVkFdUk"
Hanuman Circle Tenkapet,Udupi,+917291082898,"https://www.google.com/maps/search/?api=1&query=13.3419637,74.74964317&query_place_id=ChIJW8GVtXm7vDsRym0YidLtOgk"
Kayamkulam,Alappuzha,+919953684937,"https://www.google.com/maps/search/?api=1&query=9.175346,76.505732&query_place_id=ChIJUU3wY8gdBjsRtzHDVpAE434"
Flagship Store Alleppy,Alleppey,+918929438468,"https://www.google.com/maps/search/?api=1&query=9.500086,76.338524&query_place_id=ChIJaXu2u_uFCDsRHxPR6YHn5kY"
Attingal,Attingal,+918929310370,"https://www.google.com/maps/search/?api=1&query=8.706319,76.81527&query_place_id=ChIJNVSee5TpBTsRw6u9tsbDQys"
"Nadakkavu, Calicut",Calicut,+918447702827,"https://www.google.com/maps/search/?api=1&query=11.2789940,75.7711430&query_place_id=ChIJPYd8xJZfpjsRBdUitXf0lIo"
Chengannur,Chengannur,+918929306702,"https://www.google.com/maps/search/?api=1&query=9.324501,76.609265&query_place_id=ChIJFRC_HgEjBjsReQV6U6JMSf8"
Cherthala,Cherthala,+918929345325,"https://www.google.com/maps/search/?api=1&query=9.676559,76.340406&query_place_id=ChIJMZ86QMJ9CDsRICeB_3XrUAs"
Thrippunithura,Cochin,+919971223351,"https://www.google.com/maps/search/?api=1&query=9.955132,76.344486&query_place_id=ChIJj9ypNPhzCDsRobQ5-LywMaw"
Edappal,Edappal,+918742917044,"https://www.google.com/maps/search/?api=1&query=10.7770937,76.0106318&query_place_id=ChIJI1X26z3vpzsR5U8PhlLlpfw"
North Paravoor,Ernakulam,+917065045116,"https://www.google.com/maps/search/?api=1&query=10.14931,76.23389&query_place_id=ChIJ-yoNAIgbCDsR3gs43vj3V6k"
Adimali,Idukki,+919953940273,"https://www.google.com/maps/search/?api=1&query=10.012437,76.955399&query_place_id=ChIJi-x16m6XBzsRq-xPuZTmCqQ"
Kalpetta,Kalpetta,+914936298088,"https://www.google.com/maps/search/?api=1&query=11.60999,76.08282&query_place_id=a"
Kanjirapally,Kanjirappally,+918377005614,"https://www.google.com/maps/search/?api=1&query=9.555189,76.790588&query_place_id=ChIJ77N0dkY3BjsRYw1EgDfjmgI"
Central Mall of Emad,Kannur,+917065045131,"https://www.google.com/maps/search/?api=1&query=11.86827,75.37031&query_place_id=ChIJb-2RALgjpDsRQ6VFflBnmqw"
Flagship Store Karunagapalli,Karunagappalli,+918929330708,"https://www.google.com/maps/search/?api=1&query=9.04937,76.536164&query_place_id=ChIJW3_RorIDBjsRK06EWOMMTJA"
MG Road,Kasaragod,+919873159134,"https://www.google.com/maps/search/?api=1&query=12.50325,74.99247&query_place_id=ChIJm6hfv4eDpDsRSsGgjvK5a8U"
Kattappana,Kattappana,+919582355940,"https://www.google.com/maps/search/?api=1&query=9.755696,77.111733&query_place_id=ChIJK-1k9pepBzsRxTkOYhv9ki0"
Thoppumpady,Kochi,+918929289733,"https://www.google.com/maps/search/?api=1&query=9.93487,76.26422&query_place_id=ChIJtaQMlBptCDsRMlh-RgdK5Cs"
High School Junction Kollam,Kollam,+919873916538,"https://www.google.com/maps/search/?api=1&query=8.8915989,76.5803004&query_place_id=ChIJC24TLUr9BTsRfUE8fEJahIo"
Kothamangalam,Kothamangalam,+918929338426,"https://www.google.com/maps/search/?api=1&query=10.06126128,76.63193977&query_place_id=ChIJ836v_1fpBzsRJqAYOqNkh8E"
Kottakkal,Kottakkal,+918929310945,"https://www.google.com/maps/search/?api=1&query=11.0000186,75.9941235&query_place_id=ChIJmbRmvRa1pzsRhk_9d9eckUM"
Kalathippady Kottayam,Kottayam,+918289958761,"https://www.google.com/maps/search/?api=1&query=10.012437,76.955399&query_place_id=a"
Vatakara,Kozhikode,+919870542543,"https://www.google.com/maps/search/?api=1&query=11.594228610892946,75.59076962866537&query_place_id=ChIJi2HqVCmFpjsRRfB1HA2HhvA"
Perinthalmana,Malappuram,+918447896134,"https://www.google.com/maps/search/?api=1&query=10.974525,76.234386&query_place_id=ChIJS99r45jNpzsRwweVy3D_LJc"
Valanchery,Malappurram,+918743802947,"https://www.google.com/maps/search/?api=1&query=10.8892483,76.0719052&query_place_id=ChIJjfsTLBJZpjsRifdaGVm0z7g"
Manjeri,Manjeri,+918929487843,"https://www.google.com/maps/search/?api=1&query=11.110334,76.119167&query_place_id=ChIJMXqW8XA3pjsRSyyV4m5bXR4"
Mannarkkad,Mannarkkad,+918929304266,"https://www.google.com/maps/search/?api=1&query=10.9890628,76.45136509&query_place_id=ChIJtYKQ7Y3VpzsRZLWDEGNGb34"
Ottappalam,Ottapalam,+918376801137,"https://www.google.com/maps/search/?api=1&query=10.77283,76.37149&query_place_id=ChIJw2pTfvfZpzsRhNywKLrUYpo"
Palakkad,Palakkad,+919319374483,"https://www.google.com/maps/search/?api=1&query=10.770001,76.66167&query_place_id=ChIJG4SW0hptqDsR9v7ajc3R3H4"
Pathanamthitta,Pathanamthitta,+918929706392,"https://www.google.com/maps/search/?api=1&query=9.266205,76.779414&query_place_id=ChIJURkGI6AVBjsRKkfXHAYSGQY"
Perinthalmanna,Perinthalmanna,+919650648649,"https://www.google.com/maps/search/?api=1&query=10.9886188,76.2256078&query_place_id=ChIJMUSfqlzNpzsR7hbnAB_kKk0"
Flagship Store Thiruvalla,Thiruvalla,+918800313356,"https://www.google.com/maps/search/?api=1&query=9.395138,76.570261&query_place_id=ChIJQ5rxqGQlBjsR64hOh0icWTI"
Venjaramoodu,Thiruvananthapuram,+919582065613,"https://www.google.com/maps/search/?api=1&query=8.680481,76.908976&query_place_id=ChIJx3haouPBBTsR2ga0klTucME"
Nedumangad,Thiruvanthapuram,+919718309046,"https://www.google.com/maps/search/?api=1&query=8.6033,76.99941&query_place_id=ChIJG63P9pC5BTsRc5V8C9va_oA"
Thodupuzha,Thodupuzha,+918929277896,"https://www.google.com/maps/search/?api=1&query=9.896161,76.707855&query_place_id=ChIJa0-pIf3FBzsRBoUrWIQ6-g0"
Hill Palace,Thrippunithura,+918447906956,"https://www.google.com/maps/search/?api=1&query=9.945627,76.350798&query_place_id=ChIJW7XVK7RzCDsR2CROTMn8mnc"
Wadakkanchery,Thrissur,+918743098291,"https://www.google.com/maps/search/?api=1&query=10.663974,76.248294&query_place_id=ChIJ49XUf7bppzsR1XDc1ibk3Y8"
Tirur,Tirur,+917065178520,"https://www.google.com/maps/search/?api=1&query=10.904778,75.921108&query_place_id=ChIJzUjgPyCxpzsR-J_t9u1OThw"
Sultan Bathery,Wayanad,+919891895842,"https://www.google.com/maps/search/?api=1&query=11.65874,76.2488&query_place_id=ChIJr-h0fJ8JpjsRg_e4AyJT7JI"
MP Nagar,Bhopal,+917428890206,"https://www.google.com/maps/search/?api=1&query=23.2319476,77.4355671&query_place_id=ChIJe9CTRgevJzoRKEQzHzLpX9c"
Lalbaugh,Burhanpur,+918929162488,"https://www.google.com/maps/search/?api=1&query=21.313524,76.219105&query_place_id=ChIJLRvyE2oz2DsRL-t_G3asKa4"
"Stadium Complex, Main Road",Chhindwara,+917428890287,"https://www.google.com/maps/search/?api=1&query=22.0568443,78.9379689&query_place_id=ChIJq1_M0u5n1TsRSZRoy9zppos"
DB Mall,Gwalior,+918929839065,"https://www.google.com/maps/search/?api=1&query=26.2163431,78.1851195&query_place_id=ChIJOYrXHovFdjkRzP0Ar0n6scU"
Scheme No 54,Indore,+918929328755,"https://www.google.com/maps/search/?api=1&query=22.756271,75.890792&query_place_id=ChIJdfXjfcQDYzkRIx6xFU1bdGc"
Vijay Nagar,Jabalpur,+917065045239,"https://www.google.com/maps/search/?api=1&query=23.178569,79.910803&query_place_id=ChIJ26AbSYSxgTkRV6EJVQk6B3A"
Ratlam,Ratlam,+917303210211,"https://www.google.com/maps/search/?api=1&query=23.33621,75.05035&query_place_id=ChIJk5nzbWX_YzkR7MynAwzZzY4"
Makroniya Sagar,Sagar,+918929263205,"https://www.google.com/maps/search/?api=1&query=23.854318,78.794096&query_place_id=ChIJxWo_jYzngTkRvZC8M9zM8po"
Rewa Road,Satna,+917428890278,"https://www.google.com/maps/search/?api=1&query=24.573592,80.83972&query_place_id=ChIJqYpvGj1_hDkR74Kgm0Rouww"
Chanakyapuri Main Road Sehore,Sehore,+919582598588,"https://www.google.com/maps/search/?api=1&query=23.206960,77.097968&query_place_id=ChIJt2W11I_zfDkRsQyPP-s1Utc"
Nanakheda,Ujjain,+919899411604,"https://www.google.com/maps/search/?api=1&query=75.791731,23.157243&query_place_id=ChIJ3antB-x1YzkRcBVKwmU1kfU"
Sanchi Road,Vidisha,+919873965430,"https://www.google.com/maps/search/?api=1&query=23.520661,77.801315&query_place_id=ChIJ5ZvzMnEFfDkRTZKZokHdKJk"
Savedi Road,Ahmednagar,+918929344394,"https://www.google.com/maps/search/?api=1&query=19.110739,74.732756&query_place_id=ChIJmXzkD7Kx3DsRiwNikdgsl3c"
Akola,Akola,+918929335926,"https://www.google.com/maps/search/?api=1&query=20.708780,77.009712&query_place_id=ChIJCV8XukQv1zsRVqgMxf_qGr8"
Ambernath,Ambernath,+918929762047,"https://www.google.com/maps/search/?api=1&query=19.20858,73.183102&query_place_id=ChIJ46YVzcaT5zsRAcXO82sIKyU"
Badnera Road,Amravati,+917428890230,"https://www.google.com/maps/search/?api=1&query=20.90914,77.751373&query_place_id=ChIJu-fyfsmk1jsRGGVDTozNTUs"
Usmanpura,Aurangabad,+918376801264,"https://www.google.com/maps/search/?api=1&query=19.870302,75.327881&query_place_id=ChIJn-3VKgGZ2zsR5iVrdOKbah8"
Shaikh Villa,Badlapur,+919718294275,"https://www.google.com/maps/search/?api=1&query=19.165045,73.246547&query_place_id=ChIJY51KCiXt5zsR6Er8ITUAONk"
Baramati,Baramati,+917065045379,"https://www.google.com/maps/search/?api=1&query=18.156686,74.583116&query_place_id=ChIJRXjVFDOhwzsRQYljfOG7-dA"
Bhayandar West,Bhayandar,+919582478473,"https://www.google.com/maps/search/?api=1&query=19.309922,72.850287&query_place_id=ChIJx0THbPqx5zsRM4NApd-31gs"
Gauri Pada,Bhiwandi,+917065045210,"https://www.google.com/maps/search/?api=1&query=19.292829,73.05572&query_place_id=ChIJewgww2-95zsR22J8v2qi220"
Yash Padma Arcade,Boisar,+918929266390,"https://www.google.com/maps/search/?api=1&query=19.799217,72.759745&query_place_id=ChIJ6xTtciwf5zsRmJnuIRK3dHQ"
Chandrapur,Chandrapur,+918447805284,"https://www.google.com/maps/search/?api=1&query=19.955789,79.2954859&query_place_id=ChIJt_8IeB7V0jsRtAC8FlJZsvE"
Chiplun,Chiplun,+917291812242,"https://www.google.com/maps/search/?api=1&query=17.52655,73.52581&query_place_id=ChIJmSKmiUWLwTsR5axhVJ5wVKs"
Dhule,Dhule,+917065079414,"https://www.google.com/maps/search/?api=1&query=20.9033621,74.778084&query_place_id=ChIJIw5ds8nF3jsRYrQGeeRm9zA"
GNP Arcadia,Dombivli,+918929331361,"https://www.google.com/maps/search/?api=1&query=19.21318196,73.10540336&query_place_id=ChIJZ-VVvl2V5zsRSsyc53v3VUU"
Sangli Road,Ichalkaranji,+919311773751,"https://www.google.com/maps/search/?api=1&query=16.6902649767,74.47451239840&query_place_id=ChIJx_woALbjwDsRzh13efsSm-E"
Metro Junction Mall,kalyan,+919711701499,"https://www.google.com/maps/search/?api=1&query=19.228910,73.123275&query_place_id=ChIJwaTnbsWV5zsRAZ14iHmm8H4"
Karad,Karad,+918447912523,"https://www.google.com/maps/search/?api=1&query=17.2760399,74.180009&query_place_id=ChIJ80uv_4uDwTsRAQjuOCebbH4"
Aamrai,Karjat,+919582467430,"https://www.google.com/maps/search/?api=1&query=19.014750,73.091960&query_place_id=ChIJJ8uq3PP75zsRv3hm6y0Y0RE"
Khopoli,Khopoli,+918929328378,"https://www.google.com/maps/search/?api=1&query=18.795809,73.330466&query_place_id=ChIJO6dQDtMH6DsRlf5EASxMYdU"
Tarabai Park,kolhapur,+918929277342,"https://www.google.com/maps/search/?api=1&query=16.708331,74.24107&query_place_id=ChIJdeoDxoEBwTsR5EoSFyznKhY"
Latur,Latur,+918929335325,"https://www.google.com/maps/search/?api=1&query=39.862112,105.052762&query_place_id=ChIJ_x46leODzzsR0GE36aSJ8AA"
Runwal,Mulund,+917065095850,"https://www.google.com/maps/search/?api=1&query=19.181121,72.946715&query_place_id=ChIJi_NJsui55zsRZZQsRT2VhiI"
Atria Mall,Mumbai,+917303350351,"https://www.google.com/maps/search/?api=1&query=18.9909739,72.8143388&query_place_id=ChIJcSiiY8nP5zsRqGav0te87-U"
Zingabai Takli,Nagpur,+918929279942,"https://www.google.com/maps/search/?api=1&query=21.194788,79.069857&query_place_id=ChIJczUdQRDB1DsRe7sWxrS046E"
Nalasopara,Nalasopara,+919582622909,"https://www.google.com/maps/search/?api=1&query=19.409184,72.826128&query_place_id=ChIJqwNlFR2p5zsRzwI1_Pentc4"
Vazirabad,Nanded,+918929355096,"https://www.google.com/maps/search/?api=1&query=19.15689,77.308207&query_place_id=ChIJvahy_UTX0TsRi0r5ltKqEg8"
City Centre Mall,Nashik,+917428891325,"https://www.google.com/maps/search/?api=1&query=19.990514,73.761586&query_place_id=ChIJRzXQ3aTr3TsR7lA1nd92W-A"
Railway Station Road Vashi,Navi Mumbai,+919582768117,"https://www.google.com/maps/search/?api=1&query=19.06577,72.99911&query_place_id=ChIJLzkrPFbB5zsRB4XBD8zM150"
Osmanabaad,Osmanabad,+917065309526,"https://www.google.com/maps/search/?api=1&query=18.204574,76.041008&query_place_id=ChIJu3kRxhAh2zsRLgZ1ORvpW5Y"
Tembhode Road,Palghar,+917065045109,"https://www.google.com/maps/search/?api=1&query=19.697022,72.766248&query_place_id=ChIJX7gYLYId5zsRxgGp1-TR31E"
Parbhani,Parbhani,+918929174412,"https://www.google.com/maps/search/?api=1&query=19.263480,76.771079&query_place_id=ChIJVyg_StUZ0DsR8hacKjEsAyE"
Ring Road Phaltan,Phaltan,+918929657687,"https://www.google.com/maps/search/?api=1&query=17.984101,74.434852&query_place_id=ChIJYdgb7WmlwzsRG08J6S3BaX4"
Westend Mall,Pune,+917428891369,"https://www.google.com/maps/search/?api=1&query=18.56187,73.80715&query_place_id=ChIJ674Isia_wjsReuYFfWRVIyc"
Ratnagiri,Ratnagiri,+918447845642,"https://www.google.com/maps/search/?api=1&query=16.9917287,73.3224367&query_place_id=ChIJRWQlM4YN6jsRK8spe8Qwfzs"
Sangli,Sangli,+918929338687,"https://www.google.com/maps/search/?api=1&query=16.854258,74.579463&query_place_id=ChIJsaIoO48ZwTsRdRbX_0OV85A"
Satara,Satara,+918929271730,"https://www.google.com/maps/search/?api=1&query=17.683944,73.997653&query_place_id=ChIJC1lfnHQ5wjsR8OuPdbuRVaY"
Solapur,Solapur,+917428890128,"https://www.google.com/maps/search/?api=1&query=17.67769,75.9068412&query_place_id=ChIJbcWVZXnQxTsRfSbg90JJ3Hw"
Virar West,Thane,+919654440163,"https://www.google.com/maps/search/?api=1&query=19.451678,72.807404&query_place_id=ChIJh4FHBI3I5zsRb9Z5GzTqPcQ"
Ganesh Mandir Road,Titwala,+919582958688,"https://www.google.com/maps/search/?api=1&query=19.297769,73.213598&query_place_id=ChIJKfnbzOmR5zsRmAr7Ym_MZWY"
Shivaji Chowk,Ulhasnagar,+918744815912,"https://www.google.com/maps/search/?api=1&query=19.2275284,73.1613962&query_place_id=ChIJHRPM-YGV5zsRo8XmRN-ZBIA"
Bhoidapada Vasai East,Vasai,+919561481122,"https://www.google.com/maps/search/?api=1&query=19.405395,72.854273&query_place_id=a"
Virar,Virar,+918929766192,"https://www.google.com/maps/search/?api=1&query=19.46791,72.80142&query_place_id=ChIJk3cU0Cir5zsRy8Y5lNznWqk"
Arvi Naka,Wardha,+919953101182,"https://www.google.com/maps/search/?api=1&query=20.75127,78.601786&query_place_id=ChIJV4xb72J_1DsRlzVjaaRHA3M"
Yavatmal,Yavatmal,+919654014645,"https://www.google.com/maps/search/?api=1&query=20.396798,78.129368&query_place_id=ChIJ0wn32WXp0zsRUwDeZVHiSK8"
Thangmeiband,Imphal,+917065095853,"https://www.google.com/maps/search/?api=1&query=24.81688,93.938563&query_place_id=ChIJn6HAiVAnSTcRCTzaPSOx2ck"
Dimapur,Dimapur,+918929161895,"https://www.google.com/maps/search/?api=1&query=25.908796,93.722015&query_place_id=ChIJS40kk-LhRTcRDg8XWbcSqLw"
Shankar Cinema Road,Angul,+917428890250,"https://www.google.com/maps/search/?api=1&query=20.8389,85.087812&query_place_id=ChIJlT2lfPOvGDoRMZWCwM5WBGM"
Balangir,Balangir,+918447938908,"https://www.google.com/maps/search/?api=1&query=20.705976,83.492053&query_place_id=ChIJ-Wnuvf8PJDoRCauf4G6394U"
Bargarh,Bargarh,+917838736245,"https://www.google.com/maps/search/?api=1&query=21.3420557,83.6064522&query_place_id=ChIJV6YFY6NLIToRb6TMWaoOBGE"
Bhawanipatna,Bhawanipatna,+918447805825,"https://www.google.com/maps/search/?api=1&query=19.90633,83.15361&query_place_id=ChIJwR1nVgTpJDoR1EH2Ww-18uc"
Vivekananda Marg,Bhubaneswar,+919999207583,"https://www.google.com/maps/search/?api=1&query=20.25083,85.8362571&query_place_id=ChIJyfmpE0unGToR5zdLDoJdUI4"
IBC systems Brahmapur,Brahmapur,+918447903198,"https://www.google.com/maps/search/?api=1&query=19.305856,84.799561&query_place_id=ChIJbVy0Dx5RPToRq1trOHSTCKs"
Jajpur Road,Byasanagar,+917290043042,"https://www.google.com/maps/search/?api=1&query=20.952305,86.129547&query_place_id=ChIJoz4iD99RGToRHSKm1m-GmwA"
Buxi Bazar,Cuttack,+918929327347,"https://www.google.com/maps/search/?api=1&query=20.4699393,85.870912&query_place_id=ChIJB5Ei34ENGToRXsYY6KLGoho"
Jatni,Jatni,+919953864560,"https://www.google.com/maps/search/?api=1&query=20.1658,85.6937&query_place_id=ChIJT5r74AivGToR-5dCDT6uXiE"
Marwari Para,Jharsuguda,+918800332950,"https://www.google.com/maps/search/?api=1&query=21.855649,84.013689&query_place_id=ChIJ_3xWqQXnIDoR52x5pTrzjdg"
Keonjhar,Keonjhar,+918447935985,"https://www.google.com/maps/search/?api=1&query=21.634877,85.613432&query_place_id=ChIJ0b999YP9HjoR4n4PgDhvih8"
Rayagada,Rayagada,+918447927671,"https://www.google.com/maps/search/?api=1&query=19.1691,83.4121&query_place_id=ChIJa-BK8ANFOzoRoB8ao85V4bw"
Uditnagar,Rourkela,+917428890178,"https://www.google.com/maps/search/?api=1&query=22.22686,84.8430018&query_place_id=ChIJ28qqqkEZIDoReLHkjP6gyx8"
Sambalpur,Sambalpur,+919818811367,"https://www.google.com/maps/search/?api=1&query=21.489752,83.984995&query_place_id=ChIJy2InKIoXIToROOGnoHi0eA8"
Danapur,Danapur,+919582807457,"https://www.google.com/maps/search/?api=1&query=25.639611,85.055658&query_place_id=ChIJFZ7SUNJX7TkRxfSIWSQbhu0"
Thavalakuppam,Puducherry,+918929183896,"https://www.google.com/maps/search/?api=1&query=11.8634510,79.7924677&query_place_id=ChIJ1RY_Yt2fVDoR4fn6Lml366Q"
Abohar,Abohar,+919953625418,"https://www.google.com/maps/search/?api=1&query=30.144385,74.201779&query_place_id=ChIJT-HMPTunFzkR_0EACJM00aU"
Sultan Wind Road,Amritsar,+918929337369,"https://www.google.com/maps/search/?api=1&query=31.614636,74.8900162&query_place_id=ChIJjSoMjLh9GTkRPd0ho-U8lLI"
Mall Road,Bathinda,+919582559334,"https://www.google.com/maps/search/?api=1&query=30.212444,74.942791&query_place_id=ChIJn2fzmAozFzkRmEi7PuLYOWA"
Sector 7C,Chandigarh,+918929337307,"https://www.google.com/maps/search/?api=1&query=30.73512,76.80173&query_place_id=ChIJd0-9_hbtDzkRK1wS_H3tMTo"
Derabassi,Dera Bassi,+918929762902,"https://www.google.com/maps/search/?api=1&query=30.587318,76.856473&query_place_id=ChIJeaDQnre_DzkRsT0e8RnPJG4"
Dogar Basti,Faridkot,+919953929927,"https://www.google.com/maps/search/?api=1&query=30.66934,74.75751&query_place_id=ChIJu9NIFL1ZFzkRt3XaeHkIYFc"
Sirhind,Fatehgarh Sahib,+919873587324,"https://www.google.com/maps/search/?api=1&query=30.64173,76.395953&query_place_id=ChIJo8U9QsEdEDkRxjEvrO9P87E"
Fazilka,Fazilka,+919643968468,"https://www.google.com/maps/search/?api=1&query=30.402576,74.028145&query_place_id=ChIJl_wPNgCRFzkRILKiHmvKs7c"
Malwal Road,Firozpur,+917428890240,"https://www.google.com/maps/search/?api=1&query=30.95434,74.614433&query_place_id=ChIJ61llfevpGTkRTeGNFmE1Ugg"
Phagwara Road,Hoshiarpur,+919582946782,"https://www.google.com/maps/search/?api=1&query=31.53887,75.904866&query_place_id=ChIJNXczjhPjGjkRxmwQ-J5iDZo"
PPR Market Jalandhar,Jalandhar,+911814056514,"https://www.google.com/maps/search/?api=1&query=31.298088,75.581100&query_place_id=ChIJsbtLrlJbGjkR8AdYeQdkGVo"
Bus Stand Road,Kapurthala,+919582873482,"https://www.google.com/maps/search/?api=1&query=31.381520,75.388146&query_place_id=ChIJfwgVe85JGjkRzCXBZLBUEzs"
"Civil Lines, Ludhiana",Ludhiana,+917428891225,"https://www.google.com/maps/search/?api=1&query=30.91601,75.834224&query_place_id=ChIJ3YqMm5SDGjkR6P5QeLbH1UE"
Mansa,Mansa,+919873921069,"https://www.google.com/maps/search/?api=1&query=29.9888504,75.4009697&query_place_id=ChIJk8X1mg4fETkR4XKVd70Huzg"
Moga Punjab,Moga,+919582280314,"https://www.google.com/maps/search/?api=1&query=30.814737,75.169614&query_place_id=ChIJU9OOJngJGjkRcth6hvDqEKw"
"VIP Road, Zirakpur",Mohali,+917428891129,"https://www.google.com/maps/search/?api=1&query=30.6379686,76.8148965&query_place_id=ChIJQXyRRgevJzoRYhBt_Jn-IM8"
Nabha,Nabha,+917291807483,"https://www.google.com/maps/search/?api=1&query=30.373895,76.165413&query_place_id=ChIJNXR5qmE5EDkRM5G_RO89Pps"
Satgur Nagar,Nawanshahar,+919582752664,"https://www.google.com/maps/search/?api=1&query=31.12321843,76.11833942&query_place_id=ChIJpfw-uC-9GjkRAJJazu6b1t8"
Pathankot,Pathankot,+919711712326,"https://www.google.com/maps/search/?api=1&query=32.267121,75.651179&query_place_id=ChIJETC4d6x_HDkRJTqz7nJGALY"
"Urban Estate, Phase 2",Patiala,+919311773740,"https://www.google.com/maps/search/?api=1&query=30.34764,76.44076&query_place_id=ChIJyfMUDrwpEDkRl_bfQLY04nw"
Phagwara,Phagwara,+918448320321,"https://www.google.com/maps/search/?api=1&query=31.219612,75.776237&query_place_id=ChIJlSKUcR69GjkR8TKiNZvfk74"
Rupnagar,Rupnagar,+919953986529,"https://www.google.com/maps/search/?api=1&query=30.958277,76.515304&query_place_id=ChIJw-Zcv0xVBTkRmE3bmiCjmGI"
Tehsil Road Samana,Samana,+919592303121,"https://www.google.com/maps/search/?api=1&query=30.153361,76.199278&query_place_id=ChIJYXEU7DXNETkRTVlTZFqevZI"
Sangrur,Sangrur,+919643669738,"https://www.google.com/maps/search/?api=1&query=30.245405,75.843529&query_place_id=ChIJ8btflDtREDkR7SB4sd2g2uA"
Sri Muktsar Sahib,Sri Muktsar Sahib,+919643816973,"https://www.google.com/maps/search/?api=1&query=30.478208,74.530891&query_place_id=ChIJS0Q4EcxpFzkRfa0IBCbUkNY"
Tarn Taran Sahib,Tarn Taran Sahib,+918447937967,"https://www.google.com/maps/search/?api=1&query=31.467468,74.916515&query_place_id=ChIJTYgzEkJ_GTkRob73VVtQFXk"
Singhpura Chowk,Zirakpur,+918929275305,"https://www.google.com/maps/search/?api=1&query=30.6296121,76.8236209&query_place_id=ChIJOwKzLlzrDzkRAgRA8kvnLVU"
Vaishali Nagar,Ajmer,+919899410445,"https://www.google.com/maps/search/?api=1&query=26.4866,74.6308288&query_place_id=ChIJ2a249OLnazkRx1WMleT4LbA"
Alwar Rajasthan,Alwar,+919654910313,"https://www.google.com/maps/search/?api=1&query=27.568514,76.608727&query_place_id=ChIJ4QSRwliZcjkRrauuoVPpp4A"
Nagori Garden,Bhilwara,+917428890219,"https://www.google.com/maps/search/?api=1&query=25.3431009,74.640266&query_place_id=ChIJAQDAu8rDaDkRVZvo05i8D18"
Bikaner,Bikaner,+918929470836,"https://www.google.com/maps/search/?api=1&query=28.011039,73.316427&query_place_id=ChIJ017mPX7nPzkRMUB_ltsIOOw"
Hanumangarh,Hanumangarh,+919711271330,"https://www.google.com/maps/search/?api=1&query=29.606541,74.29252&query_place_id=ChIJIbyJ3nX1FjkRdc7Sj5seUY8"
Vidyadhar Nagar,Jaipur,+919311773747,"https://www.google.com/maps/search/?api=1&query=26.96312,75.78007&query_place_id=ChIJv72ffguzbTkRGx2w88I40Zo"
Indiabull Mega Mall,Jodhpur,+918929270403,"https://www.google.com/maps/search/?api=1&query=26.2192996,73.0419002&query_place_id=ChIJrXgxeiSNQTkR_a5qhCEnt04"
Kishangarh,Kishangarh,+919873157145,"https://www.google.com/maps/search/?api=1&query=26.579599,74.842891&query_place_id=ChIJyYuMzbHxazkRqAoyc3Djxe4"
Talwandi,Kota,+918587908928,"https://www.google.com/maps/search/?api=1&query=25.149597,75.840063&query_place_id=ChIJK6OaCzaFbzkRxS9GzzE02V0"
Pali,Pali,+919643301364,"https://www.google.com/maps/search/?api=1&query=25.77819,73.33128&query_place_id=ChIJryZ_MhFzQjkRVT2wiUTvMV8"
Sikar,Sikar,+919810461371,"https://www.google.com/maps/search/?api=1&query=27.613448,75.146442&query_place_id=ChIJ72k5nzKlbDkRvhxsFAksnOw"
Sri Ganganagar,Sri Ganganagar,+917303376377,"https://www.google.com/maps/search/?api=1&query=29.91506876,73.8749200099361&query_place_id=ChIJadYgkie1FzkRwKAlxt7vAfs"
Shobhagpura,Udaipur,+917065045152,"https://www.google.com/maps/search/?api=1&query=24.601005,73.709105&query_place_id=ChIJRSJ82VHlZzkRKsnAGBify-g"
Manar Mall,Ras Al Khaimah,+91503803224,"https://www.google.com/maps/search/?api=1&query=25.80909774,55.9596401&query_place_id=ChIJD41R1rN39j4Ry_-HpMpeyqo"
Park Avenue,Riyadh,+916566957170,"https://www.google.com/maps/search/?api=1&query=24.82741,46.728407&query_place_id=a"
"City Centre Al Zahia, Sharjah",Sharjah,+91505319722,"https://www.google.com/maps/search/?api=1&query=25.31569745,55.45391477&query_place_id=ChIJv01Zk79ZXz4RaHIQSD5PmB8"
MG Marg Gangtok,Gangtok,+918929707545,"https://www.google.com/maps/search/?api=1&query=27.330583,88.612775&query_place_id=ChIJB0GInOyl5jkR4-Mvne3G0A8"
Bishan Junction 8,Bishan,+9169081839,"https://www.google.com/maps/search/?api=1&query=1.350584,103.848665&query_place_id=ChIJZ249xLsX2jERMtZCyjdByz0"
West Mall,Bukit Batok,+9169049411,"https://www.google.com/maps/search/?api=1&query=1.34973,103.74949&query_place_id=ChIJF-oSpKAR2jERTq_TtjIfd0Y"
Chinatown Point,Chinatown Point,+9165‭65135530,"https://www.google.com/maps/search/?api=1&query=1.285196157137017,103.84485133450566&query_place_id=ChIJiUO1_8kZ2jERInxfhfVGUMA"
Lot One,Choa Chu Kang,+9169085735,"https://www.google.com/maps/search/?api=1&query=1.385127,103.744921&query_place_id=ChIJe_XkbrYR2jERe4GhKC3oMgY"
Plaza Singapura,Dhoby Ghaut,+9165‭65137795‬,"https://www.google.com/maps/search/?api=1&query=1.300899724,103.8451059&query_place_id=ChIJPUGAkFgZ2jERWrHwN4CNuMo"
Funan,Downtown,+9169701335,"https://www.google.com/maps/search/?api=1&query=1.291066,103.850301&query_place_id=ChIJmzduRVQZ2jERpW99g7TE1Ys"
Vivo City,Harbourfront,+9169042589,"https://www.google.com/maps/search/?api=1&query=1.2649832153578195,103.82160599101748&query_place_id=ChIJF4N_I6IZ2jERpNf3maBYyGE"
Hougang Mall,Hougang,+9169049414,"https://www.google.com/maps/search/?api=1&query=1.3726,103.8937&query_place_id=ChIJB-KrkhkX2jERZwec_1TkiCI"
Jewel Changi,Jewel Changi,+9165133385,"https://www.google.com/maps/search/?api=1&query=1.360354025,103.9899543&query_place_id=ChIJp4D6Cdw92jERDT2VyvLpX8k"
West Gate,Jurong East,+9165920177,"https://www.google.com/maps/search/?api=1&query=1.334534136,103.74259718210855&query_place_id=ChIJEywehvMR2jEROm9Eh3IPm38"
Jurong Point,Jurong West,+9162511322,"https://www.google.com/maps/search/?api=1&query=1.339347,103.705395&query_place_id=ChIJX_li5m4P2jERL7VTLTbG4y4"
Parkway Parade,Marine Parade,+9165184119,"https://www.google.com/maps/search/?api=1&query=1.301287893,103.9052015&query_place_id=ChIJD8l1JQQZ2jERt1-3_uG6NCY"
White Sands,Pasir Ris,+9169087858,"https://www.google.com/maps/search/?api=1&query=1.3724,103.9497&query_place_id=ChIJNUsa7_E92jERN62aUS3rTtc"
Paya Lebar Quarter,Paya Lebar,+9169701435,"https://www.google.com/maps/search/?api=1&query=1.3176,103.8929&query_place_id=ChIJq9kG1LoZ2jERrOt-EIScNLA"
Waterway Point,Punggol,+9162455901,"https://www.google.com/maps/search/?api=1&query=1.4124828,103.899537&query_place_id=ChIJ7WtafhAV2jERJkr866k5svY"
NEX,Serangoon,+9165138725‬,"https://www.google.com/maps/search/?api=1&query=1.3503323488018595,103.8729560169134&query_place_id=ChIJ08nPsToX2jERFZ_KEYkR75I"
Eastpoint Mall,Simei,+9165131576,"https://www.google.com/maps/search/?api=1&query=1.342806794,103.9528947&query_place_id=ChIJLVafCqQ92jERgKaqJUCF5fM"
Century Square,Tampines,+9162261875,"https://www.google.com/maps/search/?api=1&query=1.3524291,103.9416315&query_place_id=ChIJKQbE8no92jER1_6tojKfK5U"
Toa Payoh,Toa Payoh,+9169701434,"https://www.google.com/maps/search/?api=1&query=1.3328611,103.8487222&query_place_id=ChIJ5Rz_IeQX2jER65cuUMoEooM"
Causeway Point,Woodlands,+9165136612,"https://www.google.com/maps/search/?api=1&query=1.435702283,103.7857424&query_place_id=ChIJFx1jd6MT2jEREcZOdnxfkc0"
Northpoint City,Yishun,+9165929273,"https://www.google.com/maps/search/?api=1&query=1.4280,103.8364&query_place_id=ChIJhY1C3m0V2jERXJvNl95mmQs"
Gandhi Road,Arakkonam,+919953790215,"https://www.google.com/maps/search/?api=1&query=13.09033153,79.66050971&query_place_id=ChIJy7Lsb-y9UjoRNcBX2VibdLo"
Kolathur,Chennai,+919319359741,"https://www.google.com/maps/search/?api=1&query=13.12372344,80.20312863&query_place_id=ChIJJXY4pNRlUjoRxCMUY7UnUq0"
RS Puram,Coimbatore,+919319369325,"https://www.google.com/maps/search/?api=1&query=11.010113,76.948509&query_place_id=ChIJRXLzMfRZqDsR4fvtQAyzr58"
Cuddalore,Cuddalore,+918447743820,"https://www.google.com/maps/search/?api=1&query=11.74164747,79.75988927&query_place_id=ChIJJxIauJGZVDoRJFyMAd9KvoQ"
Nethaji Road,Dharmapuri,+919654090185,"https://www.google.com/maps/search/?api=1&query=12.1262915,78.1585276&query_place_id=ChIJ07tZ2jgXrDsRA_uItLZaHSE"
Dindigul,Dindigul,+919871614615,"https://www.google.com/maps/search/?api=1&query=10.365581,77.970657&query_place_id=ChIJswqjzYqrADsReyjizGeAgs0"
Erode,Erode,+917303325326,"https://www.google.com/maps/search/?api=1&query=11.329613,77.697664&query_place_id=ChIJxSHCHrhvqTsRpO9Et_odMJ4"
Gobichettipalayam,Gobichettipalayam,+919953801598,"https://www.google.com/maps/search/?api=1&query=11.45289868,77.451622&query_place_id=ChIJd3qdAQA9qTsRCg1ubeffWGM"
Guduvanchery,Guduvanchery,+919773771650,"https://www.google.com/maps/search/?api=1&query=12.8420872,80.0580238&query_place_id=ChIJDdc88P33UjoRA3KsmtfbuBw"
Kanchipuram Nambi Street,Kanchipuram,+919873804831,"https://www.google.com/maps/search/?api=1&query=12.8221297,79.7140365&query_place_id=ChIJJ6l-8kLDUjoRc3lmgt4SZkA"
Marthandam,Kanyakumari,+918447745287,"https://www.google.com/maps/search/?api=1&query=8.305234,77.226882&query_place_id=ChIJ84dRDeFVBDsRfqpCzr7Nkm8"
Ramanujam Nagar,Karur,+919643820285,"https://www.google.com/maps/search/?api=1&query=10.960431,78.069135&query_place_id=ChIJA32GckAvqjsRIO5xxxv4_kw"
Krishnagiri,Krishnagiri,+918447732701,"https://www.google.com/maps/search/?api=1&query=12.528913,78.205309&query_place_id=ChIJ8Zpyqz81rDsRK2MMl1q4VWA"
Kumbakonam,Kumbakonam,+918588808414,"https://www.google.com/maps/search/?api=1&query=10.95918654,79.37625111&query_place_id=ChIJTxp3P47NqjsRG-Zkw6eQHlw"
West Masi Street Madurai,Madurai,+918447728718,"https://www.google.com/maps/search/?api=1&query=9.9173255,78.1154611&query_place_id=ChIJs1gcz-3FADsR2TxY5wI6Iyw"
Mettupalayam,Mettupalayam,+919654436416,"https://www.google.com/maps/search/?api=1&query=11.29791,76.939352&query_place_id=ChIJC5yhmivvqDsR7QhysUWFjSE"
Nagercoil,Nagercoil,+917290022153,"https://www.google.com/maps/search/?api=1&query=8.18007,77.4352&query_place_id=ChIJ-fvvOErxBDsRRKtQ2SL1Q00"
Namakkal,Namakkal,+918929288494,"https://www.google.com/maps/search/?api=1&query=11.232094,78.16483&query_place_id=ChIJqaUMVgjPqzsRv5kKFqQysW4"
Pallikaranai,Pallikaranai,+917428891354,"https://www.google.com/maps/search/?api=1&query=12.928801,80.20272&query_place_id=ChIJOeyvdn5dUjoRQQ8f1Dy3KcU"
Periyar Nagar,Perambur,+917303438439,"https://www.google.com/maps/search/?api=1&query=13.11462,80.22427&query_place_id=ChIJzz3lTuVlUjoRomVSoVszAyw"
Kovai Road,Pollachi,+918800331582,"https://www.google.com/maps/search/?api=1&query=10.662286,77.008037&query_place_id=ChIJywo-phM5qDsR-Xb7V_6yD4E"
Puddukottai,Puddukottai,+918929613870,"https://www.google.com/maps/search/?api=1&query=10.38083,78.82159&query_place_id=ChIJC9Pn1gl5ADsRzS7vMqenvMA"
Thavalakuppam,Puducherry,+918929183896,"https://www.google.com/maps/search/?api=1&query=11.8634510,79.7924677&query_place_id=ChIJ1RY_Yt2fVDoR4fn6Lml366Q"
Seelanaickenpatti,Salem,+919899410611,"https://www.google.com/maps/search/?api=1&query=11.62505,78.14693&query_place_id=ChIJQ1nifirvqzsRq7-7iU_GBf4"
Sivakasi,Sivakasi,+919873029640,"https://www.google.com/maps/search/?api=1&query=9.444847,77.801514&query_place_id=ChIJcwKJA3zPBjsROEqM78aLP6o"
Sriperumbudur,Sriperumbudur,+919821762763,"https://www.google.com/maps/search/?api=1&query=12.96703482,79.94826794&query_place_id=ChIJCx0_KL3zUjoRVAn-gLEL1Zg"
Medical College Road,Thanjavur,+918447932962,"https://www.google.com/maps/search/?api=1&query=10.7707916,79.1152066&query_place_id=ChIJ0ej2wLK5qjsRGwpiLPkuGxE"
Theni,Theni,+918447906946,"https://www.google.com/maps/search/?api=1&query=10.01673,77.47932&query_place_id=ChIJZwW-WZsVBzsRIon_yJ0Ux4E"
Thiruvallur,Thiruvallur,+917428890290,"https://www.google.com/maps/search/?api=1&query=13.1297,79.9097&query_place_id=ChIJX9iqnwuRUjoRrdJOKhviVrA"
"Thiruvannamalai, Tamil Nadu",Thiruvannamalai,+918447926986,"https://www.google.com/maps/search/?api=1&query=12.249697,79.071522&query_place_id=ChIJNQc1Yp_BrDsRejTDgeaJS-o"
Thootukudi,Thoothukudi,+919971143361,"https://www.google.com/maps/search/?api=1&query=8.802513,78.147488&query_place_id=ChIJ0Rwr_hLvAzsRNdcX3Y4_ISc"
Mayanz Forum,Thudiyalur,+919582671522,"https://www.google.com/maps/search/?api=1&query=11.0692665,76.9407566&query_place_id=ChIJkS2poCP3qDsRx0QLIYkvrwI"
Thillai Nagar,Tiruchirapalli,+919899409505,"https://www.google.com/maps/search/?api=1&query=10.825115,78.683496&query_place_id=ChIJv2Y0-JJfqjsR49v7ninlVbk"
Thillai Nagar,Tiruchirappalli,+917428890186,"https://www.google.com/maps/search/?api=1&query=10.82658,78.6859133&query_place_id=ChIJN0mc1Z71qjsRL6qBD8wqnO4"
Tirunelveli,Tirunelveli,+918447732706,"https://www.google.com/maps/search/?api=1&query=8.730811,77.711366&query_place_id=ChIJY380iIkRBDsR29mBz7uBuTo"
Tirupattur,Tirupattur,+918929337341,"https://www.google.com/maps/search/?api=1&query=12.500575,78.569566&query_place_id=ChIJk09UB3NVrDsR-VtzioRL6QU"
Udumalpet,Tiruppur,+918929608396,"https://www.google.com/maps/search/?api=1&query=10.58744,77.24858&query_place_id=ChIJj4DGnrjNqTsRSy5Xc5fMcN4"
Vayalur Road,Trichy,+918447848137,"https://www.google.com/maps/search/?api=1&query=10.8140818,78.6718800&query_place_id=ChIJkzfnET31qjsRJUEa8aAiscE"
"Katpadi, Vellore",Vellore,+917428890190,"https://www.google.com/maps/search/?api=1&query=12.932824,79.138708&query_place_id=ChIJZeyqqr84rTsR_TSBRAhWU4s"
Villupuram,Villupuram,+918447745956,"https://www.google.com/maps/search/?api=1&query=11.937450,79.504472&query_place_id=ChIJsaAmxMpXUzoRMVdasGgZsuU"
Hanamkonda,Hanamkonda,+919810221364,"https://www.google.com/maps/search/?api=1&query=17.99642,79.55643&query_place_id=ChIJWcUD4ldPMzoRgGdz8Hr9hWs"
Yousufguda,Hyderabad,+917291084985,"https://www.google.com/maps/search/?api=1&query=17.4306,78.4256&query_place_id=ChIJcef8wOCRyzsR2sxm71fmkoI"
Kamareddy,Kamareddy,+918929306570,"https://www.google.com/maps/search/?api=1&query=18.3242475,78.3324156&query_place_id=ChIJ6arTwzSNzTsRwl6hvn60I40"
Karimnagar,Karimnagar,+918929186813,"https://www.google.com/maps/search/?api=1&query=18.4377,79.1274&query_place_id=ChIJyREBl4LZzDsRO89O4mZzGT8"
Khammam,Khammam,+917428890277,"https://www.google.com/maps/search/?api=1&query=17.250248,80.154926&query_place_id=ChIJObZO5d1ZNDoRenhQXQYbDGI"
Serilingampally Mandal Kondapur,Kondapur,+918929808351,"https://www.google.com/maps/search/?api=1&query=17.470134,78.353211&query_place_id=ChIJp1-N7auTyzsRRQniGJ_rZFI"
Kothagudem,Kothagudem,+918929174296,"https://www.google.com/maps/search/?api=1&query=17.553358,80.616023&query_place_id=ChIJ_RDzUqQXNDoRIx4qWsluNqk"
Mahabubnagar,Mahabubnagar,+918929274204,"https://www.google.com/maps/search/?api=1&query=16.7532,78.0167&query_place_id=ChIJy3Hmd34pyjsRKuFAoZvd230"
Mancherial,Mancherial,+918588814902,"https://www.google.com/maps/search/?api=1&query=18.879461,79.442448&query_place_id=ChIJFYlMLV_LMjoRe8vaznN3jBo"
Miyapur,Miyapur,+918929082056,"https://www.google.com/maps/search/?api=1&query=17.495939,78.356542&query_place_id=ChIJF1ORA8uXyzsRcfjtIJ73ewA"
Nalgonda,Nalgonda,+917428891141,"https://www.google.com/maps/search/?api=1&query=17.068062,79.264021&query_place_id=ChIJS8vAJJspyzsR4NSpOAHoApc"
Mancherial Road,Nirmal,+919311773717,"https://www.google.com/maps/search/?api=1&query=19.0838554,78.3539758&query_place_id=ChIJS8yDjWyNzTsRSjDHCbqIt80"
Nizamabad,Nizamabad,+918826643365,"https://www.google.com/maps/search/?api=1&query=18.664160,78.109644&query_place_id=ChIJJbsjY8vbzTsRdc_py_HRV1U"
Sangareddy,Sangareddy,+917838235693,"https://www.google.com/maps/search/?api=1&query=17.608563200483776,78.08266387064175&query_place_id=ChIJLev7-kz5yzsRO7bOtB0IUYk"
Tarnaka,Secunderabad,+918929435455,"https://www.google.com/maps/search/?api=1&query=17.4282372,78.5325876&query_place_id=ChIJCU5azKqZyzsRhMB80DBRwLo"
Nagaram,Secundrabad,+919582463650,"https://www.google.com/maps/search/?api=1&query=17.493678,78.605948&query_place_id=ChIJUQ_GQ--dyzsRqTRX6ui_IIs"
Shadnagar,Shadnagar,+918447732561,"https://www.google.com/maps/search/?api=1&query=17.069173,78.195473&query_place_id=ChIJ0zeQ5Y_PyzsRzHfWuD_Jhco"
Siddipet,Siddipet,+917428891235,"https://www.google.com/maps/search/?api=1&query=78.854920,18.089609&query_place_id=ChIJ-ZM8bSqTzDsR33RcliC5YoM"
"MG Road, Warangal",Warangal,+919319368930,"https://www.google.com/maps/search/?api=1&query=17.990515,79.594646&query_place_id=ChIJO70l33FFMzoRbQCVaIT3TZU"
Krishna Nagar Agartala,Agartala,+918794715487,"https://www.google.com/maps/search/?api=1&query=23.838398,91.273017&query_place_id=ChIJUR5H8Nb1UzcRsPnT0s7RGAs"
Dharmanagar,Dharmanagar,+918447917957,"https://www.google.com/maps/search/?api=1&query=24.3810864,92.1632217&query_place_id=ChIJD1NLVqTtUTcRGPdAJQywEsQ"
Sikandara,Agra,+918929598410,"https://www.google.com/maps/search/?api=1&query=27.2051260,77.9535270&query_place_id=ChIJ7YA4Ik53dDkRrrErWRg7QFE"
Center Point Aligarh,Aligahr,+917248388388,"https://www.google.com/maps/search/?api=1&query=27.89159811,78.0770242&query_place_id=a"
Civil lines Ayodhya,Ayodhya,+919643630264,"https://www.google.com/maps/search/?api=1&query=26.778580,82.138827&query_place_id=ChIJN4ONgkwHmjkRFjaxfjxy3nY"
Bahraich,Bahraich,+919311773715,"https://www.google.com/maps/search/?api=1&query=27.5767198,81.6031455&query_place_id=ChIJp1zrb6mpmTkRjtxdOktbfSo"
"Phoenix United Mall, Bareilly",Bareilly,+917428891201,"https://www.google.com/maps/search/?api=1&query=28.39462,79.4567137&query_place_id=ChIJp-_8Bo8GoDkRupepF1CV148"
Shakti Chowk,Bijnor,+918447830154,"https://www.google.com/maps/search/?api=1&query=29.3858,78.14346&query_place_id=ChIJ5yPgGu7vCzkRueBaLjczmZs"
Dadri,Dadri,+918929335305,"https://www.google.com/maps/search/?api=1&query=28.55671119,77.55085971&query_place_id=ChIJ2ZvJg0brDDkRjapjTiRFnBs"
Malviya Road,Deoria,+917303974975,"https://www.google.com/maps/search/?api=1&query=26.502988,83.780402&query_place_id=ChIJsV1-30TFkzkRmUvcEzIbwyw"
Alpha 2,Gautam Buddh Nagar,+918743834885,"https://www.google.com/maps/search/?api=1&query=28.477686,77.517231&query_place_id=ChIJ-R_5DrvrDDkRtxAtN1s2l4s"
"Sector 4, Vaishali",Ghaziabad,+917428891246,"https://www.google.com/maps/search/?api=1&query=28.6447199,77.3384855&query_place_id=ChIJTWHJy9D6DDkR-eH0dQPHQIo"
Tara Mandal,Gorakhpur,+919953709749,"https://www.google.com/maps/search/?api=1&query=26.7301429,83.3819088&query_place_id=ChIJXVKuILlDkTkRwDX-d-jZzGo"
Samridhi Grand,Greater Noida,+919953596781,"https://www.google.com/maps/search/?api=1&query=28.59424294,77.45498848&query_place_id=ChIJRRHGLV7vDDkRno-TY8WKgpI"
Hapur,Hapur,+919999203861,"https://www.google.com/maps/search/?api=1&query=28.730017,77.78203585&query_place_id=ChIJ5RaIhReFDDkRPeWnYXiOiYY"
Olandganj,Jaunpur,+918929306572,"https://www.google.com/maps/search/?api=1&query=25.744795,82.684795&query_place_id=ChIJ-5HQRw07kDkR4se0wLmBxGE"
Elite,Jhansi,+919582612682,"https://www.google.com/maps/search/?api=1&query=25.4485821,78.5674479&query_place_id=ChIJsXhbDBh3dzkR76S5un3zzGM"
Flagship Store Tilak Nagar,Kanpur,+918929172546,"https://www.google.com/maps/search/?api=1&query=26.491491,80.321014&query_place_id=ChIJKwfnjcc5nDkRGj0gTq1nvrM"
Ring Road,Lucknow,+919643577212,"https://www.google.com/maps/search/?api=1&query=26.902968,80.963867&query_place_id=ChIJt1OQOJNXmTkRAoWEjgXKzg4"
Mathura,Mathura,+919899411471,"https://www.google.com/maps/search/?api=1&query=27.50014,77.66677&query_place_id=ChIJq0WoLxhxczkRXgYeq5es4oI"
Mau,Mau,+919654878010,"https://www.google.com/maps/search/?api=1&query=25.94636,83.56358&query_place_id=ChIJrSrJJxGLkTkRQPSTp5lrCmc"
Shastri Nagar,Meerut,+918929345115,"https://www.google.com/maps/search/?api=1&query=28.962504,77.730245&query_place_id=ChIJFUdirFJlDDkRUV_rVqgPPyk"
Mirzapur,Mirzapur,+918743851567,"https://www.google.com/maps/search/?api=1&query=25.146062,82.571072&query_place_id=ChIJUUyFmBrBjzkRVEK1wKdE_FM"
Moradabad,Moradabad,+918743952293,"https://www.google.com/maps/search/?api=1&query=28.846070,78.764467&query_place_id=ChIJv2uDpnj7CjkRUI-uBawGD0Y"
Supertech North Eye,Noida,+919873967136,"https://www.google.com/maps/search/?api=1&query=28.572193,77.388672&query_place_id=ChIJW1VVKgDvDDkRPHYwk5L9o7o"
Pilibhit,Pilibhit,+918742988012,"https://www.google.com/maps/search/?api=1&query=28.621112,79.810074&query_place_id=ChIJEdLGMzQ_oDkRGCrbEpvCRPs"
SP Marg,Prayagraj,+919899301527,"https://www.google.com/maps/search/?api=1&query=25.450484,81.835188&query_place_id=ChIJy5vp3CvLmjkR7cJBW3-hItg"
Civil Line,Rampur,+919582596607,"https://www.google.com/maps/search/?api=1&query=28.788828,79.021133&query_place_id=ChIJKzw-FdONCjkRCG95j6BogE0"
Shahjahanpur,Shahjahanpur,+918929342372,"https://www.google.com/maps/search/?api=1&query=27.877127,79.910807&query_place_id=ChIJM8Zhxr69nzkRpDa2L4ki-L4"
Sigra,Varanasi,+917428890035,"https://www.google.com/maps/search/?api=1&query=25.31363,82.990906&query_place_id=ChIJJ9TW0f0tjjkRP54tZey22gs"
"Vikas Nagar, Dehradun",Dehradun,+918929327344,"https://www.google.com/maps/search/?api=1&query=30.472403,77.778137&query_place_id=ChIJZU2qNFkvDzkRtC4HC1IRro8"
Tikonia,Haldwani,+917428890204,"https://www.google.com/maps/search/?api=1&query=29.22242,79.5302847&query_place_id=ChIJ7QBg6h6boDkR6X_VpUGsbKw"
Ranipur,Haridwar,+919311773752,"https://www.google.com/maps/search/?api=1&query=29.93703,78.14009&query_place_id=ChIJf6usJVhHCTkRskz0GmyH-9Q"
Kashipur,Kashipur,+919582430358,"https://www.google.com/maps/search/?api=1&query=29.2150206,78.96329427&query_place_id=ChIJ2wGypfdDCjkRYeB-xpa-E28"
Mall Road,Nainital,+917065045157,"https://www.google.com/maps/search/?api=1&query=29.389722,79.459167&query_place_id=ChIJMbIEldqhoDkRUdt7deI9z7Q"
Roorkee,Roorkee,+918376098588,"https://www.google.com/maps/search/?api=1&query=29.871222707951038,77.89168745061639&query_place_id=ChIJh3wOjjC1DjkRcXW98HV-XOc"
Lamara,Rudrapur,+917428890244,"https://www.google.com/maps/search/?api=1&query=28.98127,79.399223&query_place_id=ChIJR9qmZel_oDkRjKrSqQ9yw9k"
Arambag,Arambag,+919643823990,"https://www.google.com/maps/search/?api=1&query=22.875471,87.793120&query_place_id=ChIJJ9IID0Jn-DkRGNEvyoFi0JY"
Apcar Garden,Asansol,+919953831996,"https://www.google.com/maps/search/?api=1&query=23.689994,86.945912&query_place_id=ChIJDc2Xok8f9zkRH8QPxc6eORE"
Balurghat,Balurghat,+918929225205,"https://www.google.com/maps/search/?api=1&query=25.231318,88.7867061&query_place_id=ChIJXUC4PQph-zkRqd-8vRhLu30"
Barrackpore,Barrackpore,+918447923983,"https://www.google.com/maps/search/?api=1&query=22.761882,88.36549&query_place_id=ChIJmafWLrWb-DkR5jyYnCzHDTY"
Basirhat,Basirhat,+918929270426,"https://www.google.com/maps/search/?api=1&query=22.6623204,88.8667552&query_place_id=ChIJUx9nbcNX_zkRJIfcDEEE0ug"
Berhampore,Berhampore,+918929871320,"https://www.google.com/maps/search/?api=1&query=24.112982,88.247961&query_place_id=ChIJnaM6SAF9-TkRRqaEIAzdr0E"
Bolpur,Bolpur,+918929607549,"https://www.google.com/maps/search/?api=1&query=23.66667,87.68560&query_place_id=ChIJc3fpZsnd-TkRjDifhlC4ylE"
Burdwan,Burdwan,+919999213835,"https://www.google.com/maps/search/?api=1&query=23.231323651759514,87.86663127649521&query_place_id=ChIJsbVvzVRJ-DkRuk0glDNIi4g"
Contai,Contai,+917065307568,"https://www.google.com/maps/search/?api=1&query=21.77896,87.74969&query_place_id=ChIJWzPSVe0nAzoRFJroJbAB0uo"
Cooch Behar,Cooch Behar,+918929695159,"https://www.google.com/maps/search/?api=1&query=26.326454,89.452362&query_place_id=ChIJtVGuTH__4jkRlZ7cN6MlCvQ"
Junction Mall,Durgapur,+917428891356,"https://www.google.com/maps/search/?api=1&query=23.539284,87.29123&query_place_id=ChIJqZlkO6Nz9zkRSf92iq6Uoo4"
Habra,Habra,+918929289724,"https://www.google.com/maps/search/?api=1&query=22.850266,88.665668&query_place_id=ChIJs3kqHxux-DkRNtUpr1QbLjo"
Ambuja City Centre Mall,Haldia,+918800113243,"https://www.google.com/maps/search/?api=1&query=22.059761,88.075411&query_place_id=ChIJSzeg7v7xAjoRAKKnSMtlUkA"
Serampore,Hooghly,+917428891093,"https://www.google.com/maps/search/?api=1&query=22.749913,88.344962&query_place_id=ChIJ99bmnbyb-DkR93jwpDV3-Ac"
Bandel Hoogly,Hoogly,+918742908798,"https://www.google.com/maps/search/?api=1&query=22.919272,88.383969&query_place_id=ChIJEXCiA3CT-DkRMPSIcxIyOTE"
Uluberia,Howrah,+919899410236,"https://www.google.com/maps/search/?api=1&query=22.467676,88.09072&query_place_id=ChIJkbjZ6L2HAjoR9kA6tn-PInU"
Jalpaiguri,Jalpaiguri,+919818348349,"https://www.google.com/maps/search/?api=1&query=26.5248,88.725892&query_place_id=ChIJZR8F0YN55DkRCCWPqROahLk"
Kalyani,kalyani,+918929335877,"https://www.google.com/maps/search/?api=1&query=22.9747,88.4337&query_place_id=ChIJtyoigjCV-DkRnZd2oJkG2LA"
Malancha Road,Kharagpur,+919311773750,"https://www.google.com/maps/search/?api=1&query=22.344443,87.289289&query_place_id=ChIJL7Y2bJRDHToRjOYXnwEopz0"
Mahamaya Tala,Kolkata,+918929327329,"https://www.google.com/maps/search/?api=1&query=22.4554502,88.3863294&query_place_id=ChIJMXAJBeVxAjoRKxBynJ3Idik"
Malda Town,Malda Town,+918826001362,"https://www.google.com/maps/search/?api=1&query=24.994883046390903,88.1420989587864&query_place_id=ChIJ1Ywq6Wz9-jkR85Fss7v-bzY"
Chakdah,Nadia,+918376801083,"https://www.google.com/maps/search/?api=1&query=23.080188,88.537949&query_place_id=ChIJ4X1mJKPB-DkRft2imqi2snM"
Kanchrapara,North 24 Parganas,+917428891256,"https://www.google.com/maps/search/?api=1&query=22.947255,88.447331&query_place_id=ChIJP5SAdAeV-DkRZKGsnFs6Rv8"
KB City Centre Mall,Purulia,+918860090192,"https://www.google.com/maps/search/?api=1&query=23.34288,86.3621882&query_place_id=ChIJfYpAnGGH9jkRh73CFdE2qbQ"
Rampurhat,Rampurhat,+918826653375,"https://www.google.com/maps/search/?api=1&query=24.175500587541602,87.78880693474036&query_place_id=ChIJRZlbjSgf-jkRXgSKghILBgo"
Mahesh Colony Serampore,Serampore,+919582633507,"https://www.google.com/maps/search/?api=1&query=22.73897,88.3508&query_place_id=ChIJPcARLVub-DkRcgsKgb7rj7k"
Sheoraphuli,Sheoraphuli,+917291018784,"https://www.google.com/maps/search/?api=1&query=22.7709336,88.3290093&query_place_id=ChIJncJfRB6F-DkRLvOFyth6__k"
Chowringhee More,Shyamnagar,+919582610184,"https://www.google.com/maps/search/?api=1&query=22.827687,88.379282&query_place_id=ChIJecM_aCWR-DkROoW7KDIqiek"
Vega Circle Mall,Siliguri,+918447807829,"https://www.google.com/maps/search/?api=1&query=26.752312,88.43894&query_place_id=ChIJb7hZjWZB5DkRJgqPDhtiO4A"
Bhadrakali,Uttarpara,+918929310380,"https://www.google.com/maps/search/?api=1&query=22.67549,88.35238&query_place_id=ChIJOcFpYMGd-DkRG19be_mVPZE"
